"scenario","n_genes","n_cell_types","initial_singlets_total","n_singlets","n_doublets","n_cells","target_doublet_rate","observed_doublet_rate","n_parent_singlets_removed","median_UMI_singlet","median_UMI_doublet","median_genes_singlet","median_genes_doublet","n_homotypic_doublets","n_heterotypic_doublets","heterotypic_doublet_fraction"
"B5_randomDoublets",500,4,2000,1810,95,1905,0.05,0.0498687664041995,190,2000,4000,130,188,31,64,0.673684210526316
"B10_randomDoublets",500,4,2000,1636,182,1818,0.1,0.1001100110011,364,2000,4000,130,194.5,45,137,0.752747252747253
"B20_randomDoublets",500,4,2000,1334,333,1667,0.2,0.199760047990402,666,2000,4000,130,190,84,249,0.747747747747748
"B30_randomDoublets",500,4,2000,1076,462,1538,0.3,0.300390117035111,924,2000,4000,130,193,133,329,0.712121212121212
"B40_randomDoublets",500,4,2000,858,571,1429,0.4,0.399580125962211,1142,2000,4000,130,193,130,441,0.772329246935201
