"scenario","n_genes","n_cell_types","initial_singlets_total","n_singlets","n_doublets","n_cells","target_doublet_rate","observed_doublet_rate","target_umi_singlet","n_parent_singlets_removed","median_UMI_singlet","median_UMI_doublet","median_genes_singlet","median_genes_doublet","n_homotypic_doublets","n_heterotypic_doublets","heterotypic_doublet_fraction","zero_fraction"
"UMI0.5k_D20",500,4,2000,1334,333,1667,0.2,0.199760047990402,500,666,500,1000,104,153,84,249,0.747747747747748,0.772490701859628
"UMI1k_D20",500,4,2000,1334,333,1667,0.2,0.199760047990402,1000,666,1000,2000,122,179,84,249,0.747747747747748,0.735854829034193
"UMI2k_D20",500,4,2000,1334,333,1667,0.2,0.199760047990402,2000,666,2000,4000,130,191,84,249,0.747747747747748,0.716915416916617
"UMI4k_D20",500,4,2000,1334,333,1667,0.2,0.199760047990402,4000,666,4000,8000,132,194,84,249,0.747747747747748,0.711986802639472
"UMI8k_D20",500,4,2000,1334,333,1667,0.2,0.199760047990402,8000,666,8000,16000,132,194,84,249,0.747747747747748,0.711505698860228
