"scenario","target_umi_singlet","target_umi_k","method","threshold_type","runtime_sec","target_doublet_rate","observed_doublet_rate","AUROC","AUPRC","Accuracy","Precision","Recall","F1","FDP","TNR","FPR","TP","FP","TN","FN","matched_recovery","homotypic_recall","heterotypic_recall","n_true_doublets","n_pred_doublets","n_true_singlets"
"UMI0.5k_D20",500,0.5,"scDblFinder_random","rate_matched",3.313,0.2,0.199760047990402,0.952881667274471,0.879173516033724,0.914817036592681,0.786786786786787,0.786786786786787,0.786786786786787,0.213213213213213,0.946776611694153,0.0532233883058471,262,71,1263,71,0.786786786786787,0.369047619047619,0.927710843373494,333,333,1334
"UMI1k_D20",1000,1,"scDblFinder_random","rate_matched",2.883,0.2,0.199760047990402,0.967550008779394,0.921529319998745,0.93881223755249,0.846846846846847,0.846846846846847,0.846846846846847,0.153153153153153,0.961769115442279,0.0382308845577211,282,51,1283,51,0.846846846846847,0.523809523809524,0.955823293172691,333,333,1334
"UMI2k_D20",2000,2,"scDblFinder_random","rate_matched",2.836,0.2,0.199760047990402,0.974850412631522,0.939352307752841,0.947210557888422,0.867867867867868,0.867867867867868,0.867867867867868,0.132132132132132,0.967016491754123,0.0329835082458771,289,44,1290,44,0.867867867867868,0.571428571428571,0.967871485943775,333,333,1334
"UMI4k_D20",4000,4,"scDblFinder_random","rate_matched",2.867,0.2,0.199760047990402,0.976473474974225,0.950020580053517,0.949610077984403,0.873873873873874,0.873873873873874,0.873873873873874,0.126126126126126,0.968515742128936,0.0314842578710645,291,42,1292,42,0.873873873873874,0.642857142857143,0.951807228915663,333,333,1334
"UMI8k_D20",8000,8,"scDblFinder_random","rate_matched",2.872,0.2,0.199760047990402,0.981239110174642,0.955222177004422,0.953209358128374,0.882882882882883,0.882882882882883,0.882882882882883,0.117117117117117,0.970764617691154,0.0292353823088456,294,39,1295,39,0.882882882882883,0.678571428571429,0.951807228915663,333,333,1334
