"scenario","target_doublet_rate","target_doublet_rate_pct","method","runtime_sec","AUROC","AUPRC","Precision","Recall","F1","FDP","TNR","FPR","TP","FP","TN","FN","homotypic_recall","heterotypic_recall","n_true_doublets","n_pred_doublets","n_true_singlets","selected_pK","nExp_DoubletFinder","npcs_DoubletFinder"
"B5_randomDoublets",0.05,5,"DoubletFinder",27.6949999999997,0.967920907240477,0.856216043312921,0.757894736842105,0.757894736842105,0.757894736842105,0.242105263157895,0.987292817679558,0.012707182320442,72,23,1787,23,0.419354838709677,0.921875,95,95,1810,0.01,95,20
"B10_randomDoublets",0.1,10,"DoubletFinder",25.9049999999988,0.984688599908649,0.942193478497361,0.857142857142857,0.857142857142857,0.857142857142857,0.142857142857143,0.984107579462103,0.0158924205378973,156,26,1610,26,0.533333333333333,0.963503649635037,182,182,1636,0.02,182,20
"B20_randomDoublets",0.2,20,"DoubletFinder",24.6880000000001,0.971663942803373,0.930663329858491,0.834834834834835,0.834834834834835,0.834834834834835,0.165165165165165,0.958770614692654,0.0412293853073463,278,55,1279,55,0.488095238095238,0.951807228915663,333,333,1334,0.06,333,20
"B30_randomDoublets",0.3,30,"DoubletFinder",21.8369999999995,0.978664767698225,0.963736874592432,0.88961038961039,0.88961038961039,0.88961038961039,0.11038961038961,0.952602230483271,0.0473977695167286,411,51,1025,51,0.669172932330827,0.978723404255319,462,462,1076,0.06,462,20
"B40_randomDoublets",0.4,40,"DoubletFinder",22.2210000000014,0.862473924207725,0.852780985773472,0.726795096322242,0.726795096322242,0.726795096322242,0.273204903677758,0.818181818181818,0.181818181818182,415,156,702,156,0.653846153846154,0.748299319727891,571,571,858,0.26,571,20
