"scenario","target_doublet_rate","target_doublet_rate_pct","method","runtime_sec","AUROC","AUPRC","Precision","Recall","F1","FDP","TNR","FPR","TP","FP","TN","FN","homotypic_recall","heterotypic_recall","n_true_doublets","n_pred_doublets","n_true_singlets"
"B5_randomDoublets",0.05,5,"scDblFinder_random",3.96100000000024,0.952602500726956,0.804928644489609,0.757894736842105,0.757894736842105,0.757894736842105,0.242105263157895,0.987292817679558,0.012707182320442,72,23,1787,23,0.354838709677419,0.953125,95,95,1810
"B10_randomDoublets",0.1,10,"scDblFinder_random",3.46700000000055,0.983674333001961,0.932637165546145,0.851648351648352,0.851648351648352,0.851648351648352,0.148351648351648,0.983496332518337,0.0165036674816626,155,27,1609,27,0.488888888888889,0.970802919708029,182,182,1636
"B20_randomDoublets",0.2,20,"scDblFinder_random",3.17199999999957,0.973101287194241,0.93805449220981,0.858858858858859,0.858858858858859,0.858858858858859,0.141141141141141,0.964767616191904,0.035232383808096,286,47,1287,47,0.547619047619048,0.963855421686747,333,333,1334
"B30_randomDoublets",0.3,30,"scDblFinder_random",3.0630000000001,0.975063969487761,0.954938563751751,0.880952380952381,0.880952380952381,0.880952380952381,0.119047619047619,0.948884758364312,0.0511152416356877,407,55,1021,55,0.646616541353383,0.975683890577508,462,462,1076
"B40_randomDoublets",0.4,40,"scDblFinder_random",3.04299999999967,0.978635200176356,0.97194610099902,0.910683012259194,0.910683012259194,0.910683012259194,0.0893169877408056,0.940559440559441,0.0594405594405594,520,51,807,51,0.715384615384615,0.968253968253968,571,571,858
